{
   "addr_state":["AK","AL","AR","AZ","CA","CO","CT","DC","DE","FL","GA","HI","ID","IL","IN","KS","KY","LA","MA","MD","ME","MI","MN","MO","MS","MT","NC","ND","NE","NH","NJ","NM","NV","NY","OH","OK","OR","PA","RI","SC","SD","TN","TX","UT","VA","VT","WA","WI","WV","WY"],
   "sum_loaned":[56732375,254276600,164267700,547049825,3219450525,492435100,384386850,50771975,66614875,1675257525,776013675,107049900,74155375,944336575,378110575,184818000,211491525,241239425,543348625,583888125,72455450,554810650,376565400,351264825,139630050,59383950,623941400,50972900,103123550,114743325,872096450,115878425,331094300,1810580250,709560625,209842000,270910650,727522175,99000875,294352375,44233050,368526025,1997904700,152471300,663206850,48538750,495394575,295614575,99052350,46296150],
   "avg_loan":[18160.171254801535,15362.288545190913,14716.690557247804,15324.812309157633,16317.704817078733,15887.565736409098,16055.588738983333,16912.716522318453,15868.240828966174,15399.427551086068,16147.104080401174,16981.26586294416,14905.603015075378,16198.994356388088,15270.40810144986,15609.628378378378,14950.623851265374,15410.720902005876,16192.294224579808,16613.21700904797,15072.90409819014,14947.615647816365,15430.478610063923,15129.638842227678,15100.037850113551,14742.78798411122,15599.314965748288,16135.770813548592,14704.627121060887,15516.33874239351,16571.589138448675,15541.634254291845,15303.642246360065,15578.36806511564,14980.378858252756,15822.801990649978,15135.518744063915,15358.289529237914,14916.509718246196,15678.724565888995,15231.76652892562,15222.058033870302,16359.640201762144,16059.753528544345,17061.738828432506,14180.178206251825,16286.23101453087,15317.611016114824,15833.17615089514,16522.537473233406],
   "avg_annual_inc":[83439.78122919334,74896.05448888356,69378.50389715105,78341.23426142253,89297.91474176118,80967.3848004517,90211.48960360889,102401.22115256495,79442.17444973798,77295.71702721836,82552.8941397033,82213.11566941622,70048.53803216078,83607.09293347738,72956.93010298454,75598.24097804051,72680.20189311467,78736.23814041138,86051.15998629155,92208.65487736872,70177.70741210735,75270.09813481689,77918.8488079823,73072.0529960805,74519.90434303018,68093.3009061569,77069.48750162504,77831.38664134222,68463.43065592472,82108.2615483435,94948.05387204044,74503.23674222101,77201.41485879365,85414.55751669181,72631.72741629023,75941.25905217916,72381.87026258452,77483.99423770318,80044.7902184722,77071.67902578032,70825.4432231405,74213.59896902104,85820.97754372598,78465.99007478407,92059.24997067223,69956.029287175,82405.27405812351,72280.12635369707,75356.90787084398,73670.52509992862],
   "avg_fico_range_low":[703.6859795134443,704.4701546640889,705.5433614047662,703.4794240412359,704.3414276880658,705.5479916115503,704.2483605530261,705.8760826115923,705.22153406384,702.7039535973968,703.0224307621882,703.1146890862944,700.6321608040201,704.7502401536983,704.5054723153346,708.1258445945946,705.4425279230878,706.1744602018654,705.4234712123018,702.6458202924941,704.8377366340753,703.9877953498396,705.3907146369447,706.0619373734763,703.9823726614037,707.8525322740815,704.833991699585,705.5698005698006,704.1216312562384,705.8390804597701,704.2974955345267,705.7148605150214,702.8659579385255,705.8443608893172,704.4107587721151,706.4070275976475,704.080674898039,705.3277390753642,702.8491788458641,704.419676147864,705.9418044077134,705.053903345725,704.9929170351446,705.3465346534654,705.1305600576266,706.8331872626351,703.1111512919981,706.463029172496,706.0302109974425,708.1156316916488],
   "avg_fico_range_high":[707.6866197183099,708.4703359110681,709.543630173804,707.4797041768215,708.3416760433456,709.5484110340377,708.2486529384737,709.8774150566289,709.2220104811815,706.704183404267,707.0227012630309,707.1151649746192,704.6325628140703,708.7505489227391,708.5057550179719,712.125929054054,709.4426693058108,710.1747796090456,709.4240970318274,706.6462186308542,708.8381526939879,707.9880108845003,709.3908785445009,710.0624542361201,707.9826970909484,711.8530287984112,708.8343167158358,709.5704336815448,708.1216312562384,709.8396213657877,708.2977995667541,709.7152628755365,706.8662352669286,709.8447050523127,708.4109910062069,710.4070275976475,708.0808425051679,709.3281823939202,706.8496308573151,708.4198892084798,709.9421487603306,709.0540272614622,708.9930971799155,709.3466399831473,709.1309202233027,710.8334794040316,707.1112827930831,710.4633400694337,710.030530690537,712.1156316916488]
}